name,content,time
SR.Y.,"                    橙光破解教程，注意我这个是永久的加固不会失效，非常简单视频详细<a href=""http://tieba.baidu.com/hottopic/browse/hottopic?topic_id=0&topic_name=%E6%A9%99%E5%85%89&is_video_topic=0""><a href=""http://tieba.baidu.com/hottopic/browse/hottopic?topic_id=0&topic_name=%E6%A9%99%E5%85%89&is_video_topic=0"">#橙光#</a></a>",2024-01-12 00:45
SR.Y.,                    dd,2024-01-12 00:45
SR.Y.,                    dd,2024-01-12 00:45
SR.Y.,                    dd,2024-01-12 00:45
SR.Y.,                    dd,2024-01-12 00:45
SR.Y.,                    私信,2024-01-12 00:45
SR.Y.,                    私信,2024-01-12 00:46
SR.Y.,                    dd,2024-01-12 00:46
野渡无人眠れる,                    d,2024-01-12 09:02
秋月离,                    dd,2024-01-12 21:57
喀喀纳煞,                    dd问价,2024-01-15 17:59
贴吧用户_5425RRe,                    dd礼貌问价,2024-01-15 20:12
诺绝绝子,                    dd,2024-01-19 00:28
草莓味de伯贤,                    是小黄鸟吗？,2024-01-19 02:24
悠悠ouo,                    dd,2024-01-24 17:01
白北墨,                    dd礼貌问价,2024-01-27 23:16
贴吧用户_GDU8NE8,                    dd,2024-01-28 01:20
尤哑V-,                    dd礼貌问价,2024-01-28 12:52
贴吧用户_aRb8JRM,                    dd,2024-01-28 13:30
诗酒流年,                    可以帮破吗,2024-01-30 14:07
贴吧用户_5M5VS7A,                    dd,2024-02-05 19:27
贴吧用户_5tENEtb,                    dd,2024-02-07 13:38
爱吃炒栗子的炒栗子,                    dd礼貌问价,2024-02-08 23:24
"海上生明月<img src=""//tb1.bdstatic.com/tb/cms/nickemoji/4-15.png"" class=""nicknameEmoji"" style=""width:13px;height:13px""/>",                    dd,2024-02-09 15:00
SR.Y.,                    加v,2024-02-11 20:45
junshengnan6,"                    感谢楼主！！我买了教程确实有用，还很便宜，中间有问题也很耐心解答，谢谢<img class=""BDE_Smiley"" width=""30"" height=""30"" changedsize=""false"" src=""https://gsp0.baidu.com/5aAHeD3nKhI2p27j8IqW0jdnxx1xbK/tb/editor/images/client/image_emoticon2.png"" >",2024-02-12 16:42
行歹,                    礼貌问价,2024-02-12 22:03
